{
    "avg_prec": 0.5081095075890286,
    "roc_auc": 0.9026214608266313
}